{"atlas":{"type":"mtsdf","distanceRange":12,"size":64,"width":144,"height":144,"yOrigin":"bottom"},"metrics":{"emSize":1,"lineHeight":1.08984375,"ascender":1,"descender":0,"underlineY":0.009765625,"underlineThickness":0},"glyphs":[{"unicode":65,"advance":1,"planeBounds":{"left":-0.075683593750000056,"bottom":-0.09343518708881593,"right":1.11181640625,"top":1.0940648129111841},"atlasBounds":{"left":0.5,"bottom":1.5,"right":76.5,"top":77.5}},{"unicode":66,"advance":1,"planeBounds":{"left":-0.10107421875,"bottom":-0.0073154958946985982,"right":1.10205078125,"top":1.0083095041053014},"atlasBounds":{"left":0.5,"bottom":78.5,"right":77.5,"top":143.5}},{"unicode":67,"advance":1,"planeBounds":{"left":1.1798032780285794e-05,"bottom":-0.0927734375,"right":1.0000117980327803,"top":1.0947265625},"atlasBounds":{"left":78.5,"bottom":67.5,"right":142.5,"top":143.5}}],"kerning":[]}
